{
"meta":{"test_sets":[],"test_metrics":[],"learn_metrics":[{"best_value":"Min","name":"MultiClass"}],"launch_mode":"Train","parameters":"","iteration_count":500,"learn_sets":["learn"],"name":"experiment"},
"iterations":[
{"learn":[2.144930451],"iteration":0,"passed_time":1.360360591,"remaining_time":678.8199348},
{"learn":[2.029242445],"iteration":1,"passed_time":2.366425551,"remaining_time":589.2399623},
{"learn":[1.921601039],"iteration":2,"passed_time":3.458312056,"remaining_time":572.9270307,,
{"learn":[1.842903702],"iteration":3,"passed_time":4.502695075,"remaining_time":558.3341893,,
{"learn":[1.781717445],"iteration":4,"passed_time":5.581985004,"remaining_time":552.616515,
,
{"learn":[1.726048038],"iteration":5,"passed_time":6.60374176,"remaining_time":543.70807,
{,
{"learn":[1.674438523],"iteration":6,"passed_time":7.668553672,"remaining_time":540.08528,,
{"learn":[1.629460738],"iteration":7,"passed_time":8.666153766,"remaining_time":532.968456,
,
{"learn":[1.59021774],"iteration":8,"passed_time":9.690598288,"remaining_time":528.6759733,,
{"learn":[1.555477496],"iteration":9,"passed_time":10.63049256,"remaining_time":520.894135,
,
{"learn":[1.522295097],"iteration":10,"passed_time":11.61026559,"remaining_time":516.129079,
,
{"learn":[1.492581394],"iteration":11,"passed_time":12.62423541,"remaining_time":513.385573,
,
{"learn":[1.467296027],"iteration":12,"passed_time":13.71349065,"remaining_time":513.728457,
,
{"learn":[1.443771199],"iteration":13,"passed_time":14.75859144,"remaining_time":512.33396,,
{"learn":[1.420206285],"iteration":14,"passed_time":15.68112646,"remaining_time":507.023089},
{"learn":[1.399483213],"iteration":15,"passed_time":16.62014337,"remaining_time":502.7593369},
{"learn":[1.38052469],"iteration":16,"passed_time":17.68184626,"remaining_time":502.3724556},
{"learn":[1.362483627],"iteration":17,"passed_time":18.78052523,"remaining_time":502.9007312},
{"learn":[1.344499336],"iteration":18,"passed_time":19.87692955,"remaining_time":503.200164},
{"learn":[1.328365738],"iteration":19,"passed_time":20.9732872,"remaining_time":503.3588929},
{"learn":[1.31142453],"iteration":20,"passed_time":22.06591636,"remaining_time":503.3130446},
{"learn":[1.297008687],"iteration":21,"passed_time":23.10175063,"remaining_time":501.9380364},
{"learn":[1.283593668],"iteration":22,"passed_time":24.22377729,"remaining_time":502.3800768},
{"learn":[1.271539997],"iteration":23,"passed_time":25.29278784,"remaining_time":501.6402921},
{"learn":[1.261476723],"iteration":24,"passed_time":26.28879595,"remaining_time":499.4871231},
{"learn":[1.250843111],"iteration":25,"passed_time":27.29422221,"remaining_time":497.5946664}
,
{"learn":[1.249299922],"iteration":26,"passed_time":27.31907063,"remaining_time":478.5896447}
]}"learn":[1.24003472],"iteration":27,"passed_time":26.3776928,"remaining_time":444.6525357}
]}